Name,Designation,Month,Gender,TOTAL
Raj Sharma,Chief Technical Officer,December,Male,71850
Sharad Gandhi,Accountant,December,Male,31050
Danish D'Souza,Senior Web Developer,December,Male,18750
Pawan Patil,Senior Ux/Ui Developer,December,Male,23750
Rijo Paul,Senior Web Developer,December,Male,23050
Joseph P,Senior Web Developer,December,Male,15050
Aakash Patel,Web Developer,December,Male,13800
Ganesh Rahu,Ux/Ui Designer,December,Male,12800
Vinudas K.S,Web Developer,December,Male,14250
Divya Kumar,Web Developer,December,Female,7200
Shilpa R,QAA,December,Female,6960
Sindhu J.P,Web Developer,December,Female,7200
Deepthi P.S,QAA,December,Female,7250
Lijin k c,Accountant,December,Male,14000
Sayad K M,Project Manager,December,Male,35750
Ajil k Mohanan,Web Developer,December,Male,20750
Edison ML,Web Developer,December,Male,11800
Basil P E,Web Developer,December,Male,25930
Jobin George,Web Developer,December,Male,16250
Jismon Tomy,Web Developer,December,Male,11000
Sharafali P,Ux/Ui Designer,December,Male,12750
