Name,Designation,Month,Gender,TOTAL
Jismon Tomy,Web Developer,December,Male,11000
Edison ML,Web Developer,December,Male,11800
Sharafali P,Ux/Ui Designer,December,Male,12750
Ganesh Rahu,Ux/Ui Designer,December,Male,12800
Aakash Patel,Web Developer,December,Male,13800
Lijin k c,Accountant,December,Male,14000
Vinudas K.S,Web Developer,December,Male,14250
Joseph P,Senior Web Developer,December,Male,15050
narasimha murthy,govt. Employee,july,male,15632
Jobin George,Web Developer,December,Male,16250
Jagadeesh,,,Male,18230
Danish D'Souza,Senior Web Developer,December,Male,18750
Ajil k Mohanan,Web Developer,December,Male,20750
Jagadeesh,associate software engineer,march,male,21340
Rijo Paul,Senior Web Developer,December,Male,23050
poorna,teacher ,february,female,23121
Pawan Patil,Senior Ux/Ui Developer,December,Male,23750
Basil P E,Web Developer,December,Male,25930
Sharad Gandhi,Accountant,December,Male,31050
Sayad K M,Project Manager,December,Male,35750
Shilpa R,QAA,December,Female,6960
Raj Sharma,Chief Technical Officer,December,Male,71850
Divya Kumar,Web Developer,December,Female,7200
Sindhu J.P,Web Developer,December,Female,7200
Deepthi P.S,QAA,December,Female,7250
Venkat kumar,Web Developer,January,,
