Actions,WIID,Description,Type,Status,Date
,85907345,Generate Yearly Report for Vendor,WI4,Open,2018-06-11
,85907422,Verify Account Position,WI1,Open,2020-01-11
,85907355,Process Vendor Invoice,WI3,Open,2022-05-18
,85907395,Verify Account Position,WI1,Open,2020-02-17
,85907407,Verify Account Position,WI1,Open,2019-10-24
,85907342,Generate Yearly Report for Vendor,WI4,Open,2017-12-08
,85907366,Research Client Check Copy,WI2,Open,2021-11-05
,85907334,Generate Yearly Report for Vendor,WI4,Open,2020-02-26
,85907369,Research Client Check Copy,WI2,Open,2018-10-08
,85907367,Research Client Check Copy,WI2,Open,2021-10-10
Actions,WIID,Description,Type,Status,Date
,85907375,Research Client Check Copy,WI2,Open,2021-10-17
,85907364,Research Client Check Copy,WI2,Open,2019-04-25
,85907332,Generate Yearly Report for Vendor,WI4,Open,2019-08-22
,85907335,Generate Yearly Report for Vendor,WI4,Open,2017-11-20
,85907347,Process Vendor Invoice,WI3,Open,2020-08-18
,85907356,Research Client Check Copy,WI2,Open,2020-07-19
,85907418,Verify Account Position,WI1,Open,2018-01-13
,85907320,Calculate Client Security Hash,WI5,Completed,2019-11-19
,85907380,Research Client Check Copy,WI2,Open,2017-08-11
,85907328,Calculate Client Security Hash,WI5,Completed,2021-12-09
Actions,WIID,Description,Type,Status,Date
,85907412,Verify Account Position,WI1,Open,2021-07-11
,85907398,Verify Account Position,WI1,Open,2019-02-18
,85907372,Research Client Check Copy,WI2,Open,2020-10-03
,85907343,Generate Yearly Report for Vendor,WI4,Open,2020-01-20
,85907414,Verify Account Position,WI1,Open,2022-05-08
,85907341,Generate Yearly Report for Vendor,WI4,Open,2022-06-14
,85907423,Verify Account Position,WI1,Open,2018-05-26
,85907325,Calculate Client Security Hash,WI5,Completed,2018-03-17
,85907324,Calculate Client Security Hash,WI5,Completed,2020-02-09
,85907388,Research Client Check Copy,WI2,Open,2021-11-29
Actions,WIID,Description,Type,Status,Date
,85907392,Research Client Check Copy,WI2,Open,2018-04-25
,85907374,Research Client Check Copy,WI2,Open,2019-04-09
,85907383,Research Client Check Copy,WI2,Open,2021-09-22
,85907393,Verify Account Position,WI1,Open,2022-07-09
,85907331,Generate Yearly Report for Vendor,WI4,Open,2021-12-22
,85907416,Verify Account Position,WI1,Open,2022-03-29
,85907353,Process Vendor Invoice,WI3,Open,2017-09-08
,85907365,Research Client Check Copy,WI2,Open,2021-04-14
,85907394,Verify Account Position,WI1,Open,2018-08-14
,85907316,Calculate Client Security Hash,WI5,Completed,2020-12-11
Actions,WIID,Description,Type,Status,Date
,85907348,Process Vendor Invoice,WI3,Open,2018-03-28
,85907384,Research Client Check Copy,WI2,Open,2022-06-12
,85907323,Calculate Client Security Hash,WI5,Completed,2018-06-06
,85907377,Research Client Check Copy,WI2,Open,2020-05-08
,85907333,Generate Yearly Report for Vendor,WI4,Open,2017-05-13
,85907399,Verify Account Position,WI1,Open,2017-06-12
,85907329,Calculate Client Security Hash,WI5,Completed,2017-01-07
,85907349,Process Vendor Invoice,WI3,Open,2018-11-25
,85907376,Research Client Check Copy,WI2,Open,2021-03-29
,85907346,Process Vendor Invoice,WI3,Open,2022-04-11
Actions,WIID,Description,Type,Status,Date
,85907410,Verify Account Position,WI1,Open,2020-06-07
,85907387,Research Client Check Copy,WI2,Open,2018-02-17
,85907330,Calculate Client Security Hash,WI5,Open,2021-08-16
,85907322,Calculate Client Security Hash,WI5,Open,2017-05-15
,85907352,Process Vendor Invoice,WI3,Open,2021-06-08
,85907415,Verify Account Position,WI1,Open,2021-02-12
,85907386,Research Client Check Copy,WI2,Open,2021-03-01
,85907318,Calculate Client Security Hash,WI5,Open,2020-01-13
,85907396,Verify Account Position,WI1,Open,2018-03-11
,85907361,Research Client Check Copy,WI2,Open,2021-03-23
Actions,WIID,Description,Type,Status,Date
,85907400,Verify Account Position,WI1,Open,2019-03-29
,85907381,Research Client Check Copy,WI2,Open,2021-10-25
,85907404,Verify Account Position,WI1,Open,2017-08-30
,85907350,Process Vendor Invoice,WI3,Open,2018-05-14
,85907424,Verify Account Position,WI1,Open,2021-04-15
,85907337,Generate Yearly Report for Vendor,WI4,Open,2021-12-26
,85907417,Verify Account Position,WI1,Open,2020-11-06
,85907405,Verify Account Position,WI1,Open,2019-11-08
,85907421,Verify Account Position,WI1,Open,2018-04-14
,85907397,Verify Account Position,WI1,Open,2019-09-01
Actions,WIID,Description,Type,Status,Date
,85907358,Research Client Check Copy,WI2,Open,2017-09-12
,85907370,Research Client Check Copy,WI2,Open,2019-10-16
,85907327,Calculate Client Security Hash,WI5,Open,2020-10-28
,85907354,Process Vendor Invoice,WI3,Open,2017-10-17
,85907419,Verify Account Position,WI1,Open,2019-12-17
,85907363,Research Client Check Copy,WI2,Open,2022-02-21
,85907314,Calculate Client Security Hash,WI5,Open,2017-09-14
,85907351,Process Vendor Invoice,WI3,Open,2021-12-01
,85907319,Calculate Client Security Hash,WI5,Open,2017-01-03
,85907315,Calculate Client Security Hash,WI5,Open,2019-02-02
Actions,WIID,Description,Type,Status,Date
,85907379,Research Client Check Copy,WI2,Open,2021-10-30
,85907359,Research Client Check Copy,WI2,Open,2018-01-15
,85907403,Verify Account Position,WI1,Open,2017-01-17
,85907402,Verify Account Position,WI1,Open,2017-06-18
,85907321,Calculate Client Security Hash,WI5,Open,2021-10-10
,85907389,Research Client Check Copy,WI2,Open,2019-07-28
,85907368,Research Client Check Copy,WI2,Open,2021-03-25
,85907336,Generate Yearly Report for Vendor,WI4,Open,2021-09-17
,85907385,Research Client Check Copy,WI2,Open,2018-07-23
,85907339,Generate Yearly Report for Vendor,WI4,Open,2021-07-11
Actions,WIID,Description,Type,Status,Date
,85907360,Research Client Check Copy,WI2,Open,2021-10-24
,85907326,Calculate Client Security Hash,WI5,Open,2018-05-20
,85907391,Research Client Check Copy,WI2,Open,2018-07-25
,85907390,Research Client Check Copy,WI2,Open,2018-01-22
,85907357,Research Client Check Copy,WI2,Open,2019-01-24
,85907344,Generate Yearly Report for Vendor,WI4,Open,2017-07-19
,85907406,Verify Account Position,WI1,Open,2017-11-06
,85907409,Verify Account Position,WI1,Open,2018-10-03
,85907362,Research Client Check Copy,WI2,Open,2020-09-18
,85907371,Research Client Check Copy,WI2,Open,2017-06-15
Actions,WIID,Description,Type,Status,Date
,85907413,Verify Account Position,WI1,Open,2022-06-21
,85907420,Verify Account Position,WI1,Open,2018-03-01
,85907373,Research Client Check Copy,WI2,Open,2021-06-02
,85907317,Calculate Client Security Hash,WI5,Open,2019-04-06
,85907408,Verify Account Position,WI1,Open,2022-05-07
,85907378,Research Client Check Copy,WI2,Open,2022-02-16
,85907340,Generate Yearly Report for Vendor,WI4,Open,2021-04-17
,85907411,Verify Account Position,WI1,Open,2019-02-25
,85907382,Research Client Check Copy,WI2,Open,2017-08-23
,85907338,Generate Yearly Report for Vendor,WI4,Open,2021-02-02
